Date,Start Equity,End Equity,Sharpe Ratio,Sortino Ratio,Drawdown,Total Net Profit,Strategy
M1_20200131,100000.0,101990.0029,2.1425,1.9312,0.025,0.0199,Creative Orange Bear
M1_20200229,100164.0562,90001.5395,-2.9025,-2.5421,0.145,-0.1015,Creative Orange Bear
M1_20200331,90001.5395,90001.5395,0.0,0.0,0.0,0.0,Creative Orange Bear
M1_20200430,90001.5395,94959.8252,3.6574,3.0344,0.046,0.0551,Creative Orange Bear
M1_20200531,94096.8066,98471.9629,5.5057,8.1984,0.036,0.0465,Creative Orange Bear
M1_20200630,98471.9629,98939.8405,0.1423,0.119,0.068,0.0048,Creative Orange Bear
M1_20200731,100178.1505,105131.3906,4.0066,9.2098,0.018,0.0494,Creative Orange Bear
M1_20200831,105944.23,113583.6503,11.9632,16.4308,0.008,0.0721,Creative Orange Bear
M1_20200930,113180.4058,108224.2124,-1.8546,-2.3745,0.093,-0.0438,Creative Orange Bear
M1_20201031,109027.5547,106365.6864,-1.3269,-1.534,0.072,-0.0244,Creative Orange Bear
M1_20201130,106365.6864,118202.2336,11.7196,22.9046,0.02,0.1113,Creative Orange Bear
M1_20201231,117688.9871,121360.0273,2.8307,4.7101,0.015,0.0312,Creative Orange Bear
M1_20210131,121965.1023,120745.3479,-0.5963,-0.5983,0.037,-0.01,Creative Orange Bear
M1_20210228,120745.3479,124039.6451,1.0365,0.9208,0.031,0.0273,Creative Orange Bear
M1_20210331,124039.6451,129053.9534,1.2507,1.9975,0.032,0.0404,Creative Orange Bear
M1_20210430,129567.8636,137189.7937,6.3169,9.3258,0.012,0.0588,Creative Orange Bear
M1_20210531,136303.2986,137183.3698,0.5421,0.6261,0.039,0.0065,Creative Orange Bear
M1_20210630,137183.3698,140093.1145,2.9209,3.2095,0.021,0.0212,Creative Orange Bear
M1_20210731,140209.1225,143576.5785,1.865,2.6041,0.027,0.024,Creative Orange Bear
M1_20210831,143576.5785,147997.7742,4.2589,5.3934,0.017,0.0308,Creative Orange Bear
M1_20210930,147781.8704,142716.8108,-2.6015,-2.7122,0.039,-0.0343,Creative Orange Bear
M1_20211031,141000.2097,150734.0812,6.9403,8.8525,0.013,0.069,Creative Orange Bear
M1_20211130,150734.0812,152463.6133,1.0227,0.7525,0.023,0.0115,Creative Orange Bear
M1_20211231,149541.1889,156741.6497,4.7886,12.6132,0.03,0.0482,Creative Orange Bear
M1_20220131,156352.354,145643.4773,-3.249,-4.0814,0.096,-0.0685,Creative Orange Bear
M1_20220228,148225.8056,144280.9422,-1.4417,-2.1594,0.077,-0.0266,Creative Orange Bear
M1_20220331,143917.5996,151539.6875,4.2574,6.5294,0.049,0.053,Creative Orange Bear
M1_20220430,149242.2157,136342.5298,-2.712,-3.0988,0.097,-0.0864,Creative Orange Bear
M1_20220531,136342.5298,137403.4021,0.3697,0.4024,0.091,0.0078,Creative Orange Bear
M1_20220630,136645.1713,126574.3066,-1.8171,-2.1874,0.12,-0.0737,Creative Orange Bear
M1_20220731,125564.4126,136918.3663,6.0053,14.9562,0.028,0.0904,Creative Orange Bear
M1_20220831,136918.3663,132414.6967,-1.4765,-1.6231,0.072,-0.0329,Creative Orange Bear
M1_20220930,131424.4123,121325.691,-2.7104,-3.2265,0.112,-0.0768,Creative Orange Bear
M1_20221031,119484.6605,129933.5751,4.7277,8.7317,0.056,0.0874,Creative Orange Bear
M1_20221130,129011.419,131971.5072,1.2125,2.0201,0.039,0.0229,Creative Orange Bear
M1_20221231,136057.2166,128347.3707,-2.8492,-3.9654,0.071,-0.0567,Creative Orange Bear
M1_20230131,128347.3707,134334.2999,3.4609,4.9796,0.024,0.0466,Creative Orange Bear
M1_20230228,136276.0957,133391.4245,-2.4598,-3.2295,0.048,-0.0212,Creative Orange Bear
M1_20230331,132906.7997,135867.6,1.4199,2.081,0.046,0.0223,Creative Orange Bear
M1_20230430,137750.6207,139914.9362,1.0913,1.437,0.023,0.0157,Creative Orange Bear
M1_20230531,139914.9362,141321.4103,0.5039,0.9424,0.026,0.0101,Creative Orange Bear
M1_20230630,140550.3316,147793.766,4.7544,14.204,0.021,0.0515,Creative Orange Bear
M1_20230731,149511.0574,154041.7834,3.7274,5.147,0.012,0.0303,Creative Orange Bear
M1_20230831,154330.7667,152078.6902,-1.3801,-2.0817,0.046,-0.0146,Creative Orange Bear
M1_20230930,151859.4615,144763.781,-4.5227,-5.0595,0.052,-0.0467,Creative Orange Bear
M1_20231031,144763.781,140800.4103,-2.2473,-3.0636,0.058,-0.0274,Creative Orange Bear
M1_20231130,141670.4185,153807.1996,8.8578,18.8665,0.008,0.0857,Creative Orange Bear
M1_20231231,154403.8719,161349.6622,4.4073,4.5168,0.014,0.045,Creative Orange Bear
M1_20240131,161349.6622,166564.1014,3.4153,6.4524,0.017,0.0323,Creative Orange Bear
M1_20240229,163883.2505,171708.2561,3.2964,4.7065,0.014,0.0477,Creative Orange Bear
M1_20240331,172317.3883,177878.2613,2.1647,3.4227,0.011,0.0323,Creative Orange Bear
M1_20240430,177878.2613,173510.4422,-2.2389,-3.234,0.053,-0.0246,Creative Orange Bear
M1_20240531,170797.7613,177723.8265,5.113,10.2572,0.016,0.0406,Creative Orange Bear
M1_20240630,179321.891,185568.3518,5.7718,13.3799,0.007,0.0348,Creative Orange Bear
M1_20240731,185568.3518,184820.6315,-0.8885,-0.9714,0.046,-0.004,Creative Orange Bear
M1_20240831,187787.9359,192122.6926,2.1598,2.1658,0.06,0.0231,Creative Orange Bear
M1_20240930,192122.6926,195336.6743,1.0036,0.9316,0.041,0.0167,Creative Orange Bear
M1_20241031,196110.3365,198221.86,1.8358,2.3242,0.011,0.0108,Creative Orange Bear
M1_20241130,194380.5765,205836.8582,5.6112,8.1958,0.021,0.0589,Creative Orange Bear
M1_20241231,205836.8582,200938.8414,-1.9738,-1.7547,0.035,-0.0238,Creative Orange Bear
M3_20200131,100000.0,101990.0029,2.1425,1.9312,0.025,0.0199,Creative Orange Bear
M3_20200229,100000.0,90001.5395,-2.2759,-1.7912,0.145,-0.1,Creative Orange Bear
M3_20200331,100000.0,90001.5395,-1.9893,-1.2662,0.145,-0.1,Creative Orange Bear
M3_20200430,100164.0562,94959.8252,-0.8855,-0.6025,0.158,-0.052,Creative Orange Bear
M3_20200531,90001.5395,98471.9629,2.0728,1.9613,0.046,0.0941,Creative Orange Bear
M3_20200630,90001.5395,98939.8405,1.6784,1.5487,0.068,0.0993,Creative Orange Bear
M3_20200731,94096.8066,105131.3906,2.7821,2.5603,0.068,0.1173,Creative Orange Bear
M3_20200831,98471.9629,113583.6503,3.15,2.4221,0.068,0.1535,Creative Orange Bear
M3_20200930,100178.1505,108224.2124,1.6511,1.7439,0.093,0.0803,Creative Orange Bear
M3_20201031,105944.23,106365.6864,0.1347,0.1416,0.093,0.004,Creative Orange Bear
M3_20201130,113180.4058,118202.2336,0.6734,0.7933,0.093,0.0444,Creative Orange Bear
M3_20201231,109027.5547,121360.0273,2.5238,3.0088,0.072,0.1131,Creative Orange Bear
M3_20210131,106365.6864,120745.3479,3.7056,4.5963,0.037,0.1352,Creative Orange Bear
M3_20210228,117688.9871,124039.6451,1.2347,1.2023,0.037,0.054,Creative Orange Bear
M3_20210331,121965.1023,129053.9534,1.4269,1.6735,0.04,0.0581,Creative Orange Bear
M3_20210430,120745.3479,137189.7937,3.4488,4.385,0.04,0.1362,Creative Orange Bear
M3_20210531,124039.6451,137183.3698,2.2815,3.0991,0.039,0.106,Creative Orange Bear
M3_20210630,129567.8636,140093.1145,2.3561,2.7613,0.039,0.0812,Creative Orange Bear
M3_20210731,136303.2986,143576.5785,1.7144,2.0099,0.039,0.0534,Creative Orange Bear
M3_20210831,137183.3698,147997.7742,3.0821,3.8048,0.027,0.0788,Creative Orange Bear
M3_20210930,140209.1225,142716.8108,0.4116,0.4645,0.039,0.0179,Creative Orange Bear
M3_20211031,143576.5785,150734.0812,1.5972,1.8155,0.05,0.0499,Creative Orange Bear
M3_20211130,147781.8704,152463.6133,0.9517,0.9694,0.05,0.0317,Creative Orange Bear
M3_20211231,141000.2097,156741.6497,2.7084,3.4826,0.04,0.1116,Creative Orange Bear
M3_20220131,150734.0812,145643.4773,-0.6949,-0.9106,0.096,-0.0338,Creative Orange Bear
M3_20220228,149541.1889,144280.9422,-0.3805,-0.5533,0.115,-0.0352,Creative Orange Bear
M3_20220331,156352.354,151539.6875,-0.4243,-0.6259,0.127,-0.0308,Creative Orange Bear
M3_20220430,148225.8056,136342.5298,-1.1218,-1.5148,0.106,-0.0802,Creative Orange Bear
M3_20220531,143917.5996,137403.4021,-0.31,-0.3721,0.154,-0.0453,Creative Orange Bear
M3_20220630,149242.2157,126574.3066,-1.5795,-1.8611,0.194,-0.1519,Creative Orange Bear
M3_20220731,136342.5298,136918.3663,0.1052,0.1246,0.143,0.0042,Creative Orange Bear
M3_20220831,136645.1713,132414.6967,-0.3368,-0.3985,0.12,-0.031,Creative Orange Bear
M3_20220930,125564.4126,121325.691,-0.7336,-0.8992,0.15,-0.0338,Creative Orange Bear
M3_20221031,136918.3663,129933.5751,-0.6989,-0.959,0.164,-0.051,Creative Orange Bear
M3_20221130,131424.4123,131971.5072,-0.032,-0.0497,0.127,0.0042,Creative Orange Bear
M3_20221231,119484.6605,128347.3707,1.0173,1.8135,0.071,0.0742,Creative Orange Bear
M3_20230131,129011.419,134334.2999,0.6208,0.9733,0.071,0.0413,Creative Orange Bear
M3_20230228,136057.2166,133391.4245,-0.6492,-0.9059,0.071,-0.0196,Creative Orange Bear
M3_20230331,128347.3707,135867.6,1.0291,1.489,0.074,0.0586,Creative Orange Bear
M3_20230430,136276.0957,139914.9362,0.0557,0.075,0.074,0.0267,Creative Orange Bear
M3_20230531,132906.7997,141321.4103,1.3223,1.8452,0.046,0.0633,Creative Orange Bear
M3_20230630,137750.6207,147793.766,1.8279,3.1623,0.026,0.0729,Creative Orange Bear
M3_20230731,139914.9362,154041.7834,3.0005,5.7302,0.026,0.101,Creative Orange Bear
M3_20230831,140550.3316,152078.6902,1.8987,2.9141,0.046,0.082,Creative Orange Bear
M3_20230930,149511.0574,144763.781,-1.5444,-1.9335,0.065,-0.0318,Creative Orange Bear
M3_20231031,154330.7667,140800.4103,-2.6355,-3.4708,0.098,-0.0877,Creative Orange Bear
M3_20231130,151859.4615,153807.1996,-0.1701,-0.2213,0.085,0.0128,Creative Orange Bear
M3_20231231,144763.781,161349.6622,3.0609,3.8611,0.058,0.1146,Creative Orange Bear
M3_20240131,141670.4185,166564.1014,5.7682,9.0059,0.019,0.1757,Creative Orange Bear
M3_20240229,154403.8719,171708.2561,3.1286,3.9879,0.019,0.1121,Creative Orange Bear
M3_20240331,161349.6622,177878.2613,2.9843,4.2845,0.017,0.1024,Creative Orange Bear
M3_20240430,163883.2505,173510.4422,0.9113,1.2755,0.053,0.0587,Creative Orange Bear
M3_20240531,172317.3883,177723.8265,0.1311,0.1737,0.053,0.0314,Creative Orange Bear
M3_20240630,177878.2613,185568.3518,0.9429,1.1629,0.053,0.0432,Creative Orange Bear
M3_20240731,170797.7613,184820.6315,2.4585,2.5065,0.046,0.0821,Creative Orange Bear
M3_20240831,179321.891,192122.6926,1.4032,1.4005,0.083,0.0714,Creative Orange Bear
M3_20240930,185568.3518,195336.6743,0.7865,0.8332,0.083,0.0526,Creative Orange Bear
M3_20241031,187787.9359,198221.86,1.4001,1.4187,0.06,0.0556,Creative Orange Bear
M3_20241130,192122.6926,205836.8582,1.6429,1.759,0.041,0.0714,Creative Orange Bear
M3_20241231,196110.3365,200938.8414,0.4575,0.4464,0.035,0.0246,Creative Orange Bear
M6_20200131,100000.0,101990.0029,2.1425,1.9312,0.025,0.0199,Creative Orange Bear
M6_20200229,100000.0,90001.5395,-2.2759,-1.7912,0.145,-0.1,Creative Orange Bear
M6_20200331,100000.0,90001.5395,-1.9893,-1.2662,0.145,-0.1,Creative Orange Bear
M6_20200430,100000.0,94959.8252,-0.7456,-0.5229,0.158,-0.0504,Creative Orange Bear
M6_20200531,100000.0,98471.9629,-0.1711,-0.1393,0.158,-0.0153,Creative Orange Bear
M6_20200630,100000.0,98939.8405,-0.0651,-0.052,0.158,-0.0106,Creative Orange Bear
M6_20200731,100164.0562,105131.3906,0.4624,0.3838,0.158,0.0496,Creative Orange Bear
M6_20200831,90001.5395,113583.6503,2.6483,2.1527,0.068,0.262,Creative Orange Bear
M6_20200930,90001.5395,108224.2124,1.8278,1.7612,0.093,0.2025,Creative Orange Bear
M6_20201031,94096.8066,106365.6864,1.4689,1.4515,0.093,0.1304,Creative Orange Bear
M6_20201130,98471.9629,118202.2336,1.8229,1.7762,0.093,0.2004,Creative Orange Bear
M6_20201231,100178.1505,121360.0273,2.2389,2.464,0.093,0.2114,Creative Orange Bear
M6_20210131,105944.23,120745.3479,1.5079,1.588,0.093,0.1397,Creative Orange Bear
M6_20210228,113180.4058,124039.6451,0.9275,0.9934,0.093,0.0959,Creative Orange Bear
M6_20210331,109027.5547,129053.9534,2.0312,2.4002,0.072,0.1837,Creative Orange Bear
M6_20210430,106365.6864,137189.7937,3.8031,4.8383,0.04,0.2898,Creative Orange Bear
M6_20210531,117688.9871,137183.3698,2.0587,2.4026,0.04,0.1656,Creative Orange Bear
M6_20210630,121965.1023,140093.1145,1.9938,2.2952,0.04,0.1486,Creative Orange Bear
M6_20210731,120745.3479,143576.5785,2.4519,3.0563,0.04,0.1891,Creative Orange Bear
M6_20210831,124039.6451,147997.7742,2.5582,3.2967,0.039,0.1931,Creative Orange Bear
M6_20210930,129567.8636,142716.8108,1.4489,1.6684,0.039,0.1015,Creative Orange Bear
M6_20211031,136303.2986,150734.0812,1.6494,1.9046,0.05,0.1059,Creative Orange Bear
M6_20211130,137183.3698,152463.6133,1.8369,1.9746,0.05,0.1114,Creative Orange Bear
M6_20211231,140209.1225,156741.6497,1.5658,1.9373,0.05,0.1179,Creative Orange Bear
M6_20220131,143576.5785,145643.4773,0.2126,0.2567,0.096,0.0144,Creative Orange Bear
M6_20220228,147781.8704,144280.9422,-0.2112,-0.263,0.115,-0.0237,Creative Orange Bear
M6_20220331,141000.2097,151539.6875,0.6633,0.8886,0.127,0.0747,Creative Orange Bear
M6_20220430,150734.0812,136342.5298,-0.7532,-0.9711,0.133,-0.0955,Creative Orange Bear
M6_20220531,149541.1889,137403.4021,-0.4529,-0.5726,0.18,-0.0812,Creative Orange Bear
M6_20220630,156352.354,126574.3066,-1.1987,-1.4941,0.227,-0.1905,Creative Orange Bear
M6_20220731,148225.8056,136918.3663,-0.4961,-0.6228,0.203,-0.0763,Creative Orange Bear
M6_20220831,143917.5996,132414.6967,-0.407,-0.4884,0.203,-0.0799,Creative Orange Bear
M6_20220930,149242.2157,121325.691,-1.237,-1.4503,0.196,-0.1871,Creative Orange Bear
M6_20221031,136342.5298,129933.5751,-0.3071,-0.3894,0.164,-0.047,Creative Orange Bear
M6_20221130,136645.1713,131971.5072,-0.2105,-0.2871,0.164,-0.0342,Creative Orange Bear
M6_20221231,125564.4126,128347.3707,0.0193,0.0287,0.164,0.0222,Creative Orange Bear
M6_20230131,136918.3663,134334.2999,-0.2162,-0.3107,0.164,-0.0189,Creative Orange Bear
M6_20230228,131424.4123,133391.4245,-0.0284,-0.0425,0.127,0.015,Creative Orange Bear
M6_20230331,119484.6605,135867.6,0.9933,1.6208,0.074,0.1371,Creative Orange Bear
M6_20230430,129011.419,139914.9362,0.6257,0.9293,0.074,0.0845,Creative Orange Bear
M6_20230531,136057.2166,141321.4103,0.1304,0.1814,0.074,0.0387,Creative Orange Bear
M6_20230630,128347.3707,147793.766,1.5151,2.1969,0.074,0.1515,Creative Orange Bear
M6_20230731,136276.0957,154041.7834,1.1779,1.6247,0.074,0.1304,Creative Orange Bear
M6_20230831,132906.7997,152078.6902,1.5859,2.2767,0.046,0.1443,Creative Orange Bear
M6_20230930,137750.6207,144763.781,0.2502,0.3629,0.065,0.0509,Creative Orange Bear
M6_20231031,139914.9362,140800.4103,-0.4027,-0.5718,0.098,0.0063,Creative Orange Bear
M6_20231130,140550.3316,153807.1996,0.728,0.9911,0.098,0.0943,Creative Orange Bear
M6_20231231,149511.0574,161349.6622,0.6505,0.8296,0.098,0.0792,Creative Orange Bear
M6_20240131,154330.7667,166564.1014,0.6859,0.8887,0.098,0.0793,Creative Orange Bear
M6_20240229,151859.4615,171708.2561,1.3874,1.7612,0.085,0.1307,Creative Orange Bear
M6_20240331,144763.781,177878.2613,2.9976,3.9829,0.058,0.2287,Creative Orange Bear
M6_20240430,141670.4185,173510.4422,2.8387,3.8922,0.053,0.2247,Creative Orange Bear
M6_20240531,154403.8719,177723.8265,1.7365,2.2799,0.053,0.151,Creative Orange Bear
M6_20240630,161349.6622,185568.3518,1.8875,2.4946,0.053,0.1501,Creative Orange Bear
M6_20240731,163883.2505,184820.6315,1.2374,1.4889,0.053,0.1278,Creative Orange Bear
M6_20240831,172317.3883,192122.6926,0.9425,1.055,0.083,0.1149,Creative Orange Bear
M6_20240930,177878.2613,195336.6743,0.8523,0.9185,0.083,0.0981,Creative Orange Bear
M6_20241031,170797.7613,198221.86,1.7867,1.8212,0.083,0.1606,Creative Orange Bear
M6_20241130,179321.891,205836.8582,1.4966,1.5352,0.083,0.1479,Creative Orange Bear
M6_20241231,185568.3518,200938.8414,0.5578,0.5732,0.083,0.0828,Creative Orange Bear
M12_20200131,100000.0,101990.0029,2.1425,1.9312,0.025,0.0199,Creative Orange Bear
M12_20200229,100000.0,90001.5395,-2.2759,-1.7912,0.145,-0.1,Creative Orange Bear
M12_20200331,100000.0,90001.5395,-1.9893,-1.2662,0.145,-0.1,Creative Orange Bear
M12_20200430,100000.0,94959.8252,-0.7456,-0.5229,0.158,-0.0504,Creative Orange Bear
M12_20200531,100000.0,98471.9629,-0.1711,-0.1393,0.158,-0.0153,Creative Orange Bear
M12_20200630,100000.0,98939.8405,-0.0651,-0.052,0.158,-0.0106,Creative Orange Bear
M12_20200731,100000.0,105131.3906,0.4112,0.3398,0.158,0.0513,Creative Orange Bear
M12_20200831,100000.0,113583.6503,0.9598,0.7674,0.158,0.1358,Creative Orange Bear
M12_20200930,100000.0,108224.2124,0.5168,0.4422,0.158,0.0822,Creative Orange Bear
M12_20201031,100000.0,106365.6864,0.3704,0.3296,0.158,0.0637,Creative Orange Bear
M12_20201130,100000.0,118202.2336,0.9027,0.8165,0.158,0.182,Creative Orange Bear
M12_20201231,100000.0,121360.0273,0.9875,0.8891,0.158,0.2136,Creative Orange Bear
M12_20210131,100164.0562,120745.3479,0.9524,0.8676,0.158,0.2055,Creative Orange Bear
M12_20210228,90001.5395,124039.6451,1.7912,1.7048,0.093,0.3782,Creative Orange Bear
M12_20210331,90001.5395,129053.9534,1.9738,2.0266,0.093,0.4339,Creative Orange Bear
M12_20210430,94096.8066,137189.7937,2.3476,2.3928,0.093,0.458,Creative Orange Bear
M12_20210531,98471.9629,137183.3698,1.9103,1.9289,0.093,0.3931,Creative Orange Bear
M12_20210630,100178.1505,140093.1145,2.1441,2.3869,0.093,0.3984,Creative Orange Bear
M12_20210731,105944.23,143576.5785,1.9863,2.1802,0.093,0.3552,Creative Orange Bear
M12_20210831,113180.4058,147997.7742,1.6773,1.8461,0.093,0.3076,Creative Orange Bear
M12_20210930,109027.5547,142716.8108,1.8463,2.1422,0.072,0.309,Creative Orange Bear
M12_20211031,106365.6864,150734.0812,2.672,3.2951,0.05,0.4171,Creative Orange Bear
M12_20211130,117688.9871,152463.6133,1.9322,2.175,0.05,0.2955,Creative Orange Bear
M12_20211231,121965.1023,156741.6497,1.8248,2.1698,0.05,0.2851,Creative Orange Bear
M12_20220131,120745.3479,145643.4773,1.2117,1.4677,0.096,0.2062,Creative Orange Bear
M12_20220228,124039.6451,144280.9422,0.8523,1.0275,0.115,0.1632,Creative Orange Bear
M12_20220331,129567.8636,151539.6875,0.9231,1.1299,0.127,0.1696,Creative Orange Bear
M12_20220430,136303.2986,136342.5298,0.0476,0.0549,0.133,0.0003,Creative Orange Bear
M12_20220531,137183.3698,137403.4021,0.0636,0.0708,0.18,0.0016,Creative Orange Bear
M12_20220630,140209.1225,126574.3066,-0.3932,-0.4423,0.227,-0.0972,Creative Orange Bear
M12_20220731,143576.5785,136918.3663,-0.1459,-0.1701,0.227,-0.0464,Creative Orange Bear
M12_20220831,147781.8704,132414.6967,-0.3909,-0.4629,0.227,-0.104,Creative Orange Bear
M12_20220930,141000.2097,121325.691,-0.5686,-0.6758,0.228,-0.1395,Creative Orange Bear
M12_20221031,150734.0812,129933.5751,-0.5025,-0.6372,0.241,-0.138,Creative Orange Bear
M12_20221130,149541.1889,131971.5072,-0.3748,-0.4957,0.241,-0.1175,Creative Orange Bear
M12_20221231,156352.354,128347.3707,-0.6533,-0.8722,0.241,-0.1791,Creative Orange Bear
M12_20230131,148225.8056,134334.2999,-0.3774,-0.4974,0.218,-0.0937,Creative Orange Bear
M12_20230228,143917.5996,133391.4245,-0.2521,-0.3291,0.218,-0.0731,Creative Orange Bear
M12_20230331,149242.2157,135867.6,-0.406,-0.5236,0.21,-0.0896,Creative Orange Bear
M12_20230430,136342.5298,139914.9362,0.0123,0.0159,0.164,0.0262,Creative Orange Bear
M12_20230531,136645.1713,141321.4103,0.045,0.0601,0.164,0.0342,Creative Orange Bear
M12_20230630,125564.4126,147793.766,0.5425,0.7648,0.164,0.177,Creative Orange Bear
M12_20230731,136918.3663,154041.7834,0.375,0.5057,0.164,0.1251,Creative Orange Bear
M12_20230831,131424.4123,152078.6902,0.4782,0.6661,0.127,0.1572,Creative Orange Bear
M12_20230930,119484.6605,144763.781,0.7606,1.145,0.074,0.2116,Creative Orange Bear
M12_20231031,129011.419,140800.4103,0.1944,0.2793,0.098,0.0914,Creative Orange Bear
M12_20231130,136057.2166,153807.1996,0.4015,0.5467,0.098,0.1305,Creative Orange Bear
M12_20231231,128347.3707,161349.6622,1.1867,1.6294,0.098,0.2571,Creative Orange Bear
M12_20240131,136276.0957,166564.1014,0.9267,1.2434,0.098,0.2223,Creative Orange Bear
M12_20240229,132906.7997,171708.2561,1.4861,2.0079,0.098,0.2919,Creative Orange Bear
M12_20240331,137750.6207,177878.2613,1.5494,2.1465,0.098,0.2913,Creative Orange Bear
M12_20240430,139914.9362,173510.4422,1.188,1.6483,0.098,0.2401,Creative Orange Bear
M12_20240531,140550.3316,177723.8265,1.283,1.7134,0.098,0.2645,Creative Orange Bear
M12_20240630,149511.0574,185568.3518,1.2226,1.5732,0.098,0.2412,Creative Orange Bear
M12_20240731,154330.7667,184820.6315,0.9014,1.1253,0.098,0.1976,Creative Orange Bear
M12_20240831,151859.4615,192122.6926,1.2473,1.4762,0.085,0.2651,Creative Orange Bear
M12_20240930,144763.781,195336.6743,1.7786,2.0502,0.083,0.3493,Creative Orange Bear
M12_20241031,141670.4185,198221.86,2.0657,2.351,0.083,0.3992,Creative Orange Bear
M12_20241130,154403.8719,205836.8582,1.6627,1.8702,0.083,0.3331,Creative Orange Bear
M12_20241231,161349.6622,200938.8414,1.1112,1.2128,0.083,0.2454,Creative Orange Bear
M1_20200131,100000.0,101990.0029,2.1425,1.9312,0.025,0.0199,Measured Yellow Camel
M1_20200229,100164.0562,92347.7765,-2.6295,-2.187,0.123,-0.078,Measured Yellow Camel
M1_20200331,92347.7765,82198.6106,-0.6906,-1.1057,0.279,-0.1099,Measured Yellow Camel
M1_20200430,80994.736,91940.7344,12.7525,24.2572,0.047,0.1351,Measured Yellow Camel
M1_20200531,91098.0222,95370.2336,5.523,8.2241,0.037,0.0469,Measured Yellow Camel
M1_20200630,95370.2336,95827.1023,0.1434,0.12,0.069,0.0048,Measured Yellow Camel
M1_20200731,97036.2756,101872.9689,4.0136,9.2269,0.018,0.0498,Measured Yellow Camel
M1_20200831,102666.6826,110126.3519,11.993,16.4713,0.008,0.0727,Measured Yellow Camel
M1_20200930,109732.5955,104893.0184,-1.8511,-2.3706,0.093,-0.0441,Measured Yellow Camel
M1_20201031,105677.4585,103078.2225,-1.3253,-1.5322,0.073,-0.0246,Measured Yellow Camel
M1_20201130,103078.2225,114636.2626,11.7685,23.0061,0.02,0.1121,Measured Yellow Camel
M1_20201231,114135.0925,117719.7553,2.8329,4.7138,0.015,0.0314,Measured Yellow Camel
M1_20210131,118310.5932,117119.539,-0.5957,-0.5977,0.037,-0.0101,Measured Yellow Camel
M1_20210228,117119.539,120336.3232,1.0375,0.9218,0.031,0.0275,Measured Yellow Camel
M1_20210331,120336.3232,125232.6479,1.2518,1.9993,0.033,0.0407,Measured Yellow Camel
M1_20210430,125734.466,133177.0566,6.3261,9.3402,0.012,0.0592,Measured Yellow Camel
M1_20210531,132311.4203,133170.7839,0.5426,0.6267,0.039,0.0065,Measured Yellow Camel
M1_20210630,133170.7839,136012.064,2.923,3.2119,0.021,0.0213,Measured Yellow Camel
M1_20210731,136125.3424,139413.5641,1.8663,2.6058,0.027,0.0242,Measured Yellow Camel
M1_20210831,139413.5641,143730.7317,4.2625,5.3982,0.017,0.031,Measured Yellow Camel
M1_20210930,143519.9079,138574.0262,-2.599,-2.7096,0.04,-0.0345,Measured Yellow Camel
M1_20211031,136897.8158,146402.6549,6.9501,8.8646,0.013,0.0694,Measured Yellow Camel
M1_20211130,146402.6549,148091.4922,1.0234,0.753,0.023,0.0115,Measured Yellow Camel
M1_20211231,145237.8308,152268.869,4.7963,12.6335,0.03,0.0484,Measured Yellow Camel
M1_20220131,151888.7331,141431.83,-3.2438,-4.0753,0.096,-0.0688,Measured Yellow Camel
M1_20220228,143953.3977,140101.3546,-1.44,-2.1572,0.077,-0.0268,Measured Yellow Camel
M1_20220331,139746.5611,147189.3059,4.2654,6.5419,0.049,0.0533,Measured Yellow Camel
M1_20220430,144945.8922,132349.7284,-2.7063,-3.0921,0.097,-0.0869,Measured Yellow Camel
M1_20220531,132349.7284,133385.6389,0.3708,0.4037,0.091,0.0078,Measured Yellow Camel
M1_20220630,132645.2489,122811.3457,-1.8133,-2.1829,0.12,-0.0741,Measured Yellow Camel
M1_20220731,121825.2139,132912.0157,6.0203,14.995,0.028,0.091,Measured Yellow Camel
M1_20220831,132912.0157,128514.3149,-1.4745,-1.621,0.073,-0.0331,Measured Yellow Camel
M1_20220930,127547.3313,117686.2269,-2.7046,-3.2203,0.112,-0.0773,Measured Yellow Camel
M1_20221031,115888.5148,126091.5726,4.7431,8.7608,0.056,0.088,Measured Yellow Camel
M1_20221130,125191.1142,128081.5534,1.2155,2.0253,0.039,0.0231,Measured Yellow Camel
M1_20221231,132071.1284,124542.6906,-2.8435,-3.958,0.071,-0.057,Measured Yellow Camel
M1_20230131,124542.6906,130388.7509,3.4685,4.9913,0.024,0.0469,Measured Yellow Camel
M1_20230228,132284.8574,129468.0608,-2.4558,-3.2241,0.048,-0.0213,Measured Yellow Camel
M1_20230331,128994.8389,131885.9734,1.4235,2.0866,0.047,0.0224,Measured Yellow Camel
M1_20230430,133724.6877,135838.0781,1.0952,1.4423,0.024,0.0158,Measured Yellow Camel
M1_20230531,135838.0781,137211.4587,0.5073,0.9488,0.026,0.0101,Measured Yellow Camel
M1_20230630,136458.523,143531.5237,4.7642,14.2352,0.021,0.0518,Measured Yellow Camel
M1_20230731,145208.4082,149632.5289,3.7351,5.1577,0.012,0.0305,Measured Yellow Camel
M1_20230831,149914.7126,147715.6262,-1.3768,-2.0768,0.047,-0.0147,Measured Yellow Camel
M1_20230930,147501.5558,140572.8324,-4.515,-5.0507,0.052,-0.047,Measured Yellow Camel
M1_20231031,140572.8324,136702.7175,-2.2434,-3.0583,0.058,-0.0275,Measured Yellow Camel
M1_20231130,137552.2549,149403.4647,8.8793,18.9128,0.008,0.0862,Measured Yellow Camel
M1_20231231,149986.0976,156768.4577,4.4158,4.5259,0.014,0.0452,Measured Yellow Camel
M1_20240131,156768.4577,161860.2042,3.4217,6.4643,0.017,0.0325,Measured Yellow Camel
M1_20240229,159242.432,166883.3199,3.3025,4.7154,0.014,0.048,Measured Yellow Camel
M1_20240331,167478.1196,172908.1485,2.1695,3.4302,0.011,0.0324,Measured Yellow Camel
M1_20240430,172908.1485,168643.1016,-2.2354,-3.2293,0.053,-0.0247,Measured Yellow Camel
M1_20240531,165994.2485,172757.3474,5.1222,10.2765,0.016,0.0407,Measured Yellow Camel
M1_20240630,174317.8104,180417.2957,5.7814,13.4035,0.007,0.035,Measured Yellow Camel
M1_20240731,180417.2957,179687.1688,-0.8862,-0.9689,0.046,-0.004,Measured Yellow Camel
M1_20240831,182584.6543,186817.4167,2.1633,2.1694,0.06,0.0232,Measured Yellow Camel
M1_20240930,186817.4167,189955.7753,1.0063,0.9341,0.041,0.0168,Measured Yellow Camel
M1_20241031,190711.2337,192773.0743,1.84,2.3297,0.011,0.0108,Measured Yellow Camel
M1_20241130,189022.1739,200208.896,5.62,8.2094,0.022,0.0592,Measured Yellow Camel
M1_20241231,200208.896,195426.1267,-1.9713,-1.7525,0.035,-0.0239,Measured Yellow Camel
M3_20200131,100000.0,101990.0029,2.1425,1.9312,0.025,0.0199,Measured Yellow Camel
M3_20200229,100000.0,92347.7765,-1.9524,-1.511,0.123,-0.0765,Measured Yellow Camel
M3_20200331,100000.0,82198.6106,-0.8544,-0.8535,0.333,-0.178,Measured Yellow Camel
M3_20200430,100164.0562,91940.7344,-0.2641,-0.3025,0.333,-0.0821,Measured Yellow Camel
M3_20200531,92347.7765,95370.2336,0.4641,0.5276,0.279,0.0327,Measured Yellow Camel
M3_20200630,80994.736,95827.1023,3.5933,4.3681,0.069,0.1831,Measured Yellow Camel
M3_20200731,91098.0222,101872.9689,2.7886,2.5667,0.069,0.1183,Measured Yellow Camel
M3_20200831,95370.2336,110126.3519,3.1555,2.4263,0.069,0.1547,Measured Yellow Camel
M3_20200930,97036.2756,104893.0184,1.6538,1.7472,0.093,0.081,Measured Yellow Camel
M3_20201031,102666.6826,103078.2225,0.1355,0.1423,0.093,0.004,Measured Yellow Camel
M3_20201130,109732.5955,114636.2626,0.6743,0.7944,0.093,0.0447,Measured Yellow Camel
M3_20201231,105677.4585,117719.7553,2.5268,3.0121,0.073,0.114,Measured Yellow Camel
M3_20210131,103078.2225,117119.539,3.7124,4.6062,0.037,0.1362,Measured Yellow Camel
M3_20210228,114135.0925,120336.3232,1.2359,1.2036,0.037,0.0543,Measured Yellow Camel
M3_20210331,118310.5932,125232.6479,1.4283,1.6752,0.04,0.0585,Measured Yellow Camel
M3_20210430,117119.539,133177.0566,3.4528,4.3901,0.04,0.1371,Measured Yellow Camel
M3_20210531,120336.3232,133170.7839,2.2835,3.102,0.039,0.1067,Measured Yellow Camel
M3_20210630,125734.466,136012.064,2.358,2.7636,0.039,0.0817,Measured Yellow Camel
M3_20210731,132311.4203,139413.5641,1.7155,2.0111,0.039,0.0537,Measured Yellow Camel
M3_20210831,133170.7839,143730.7317,3.0844,3.8076,0.027,0.0793,Measured Yellow Camel
M3_20210930,136125.3424,138574.0262,0.4121,0.4651,0.04,0.018,Measured Yellow Camel
M3_20211031,139413.5641,146402.6549,1.5982,1.8165,0.051,0.0501,Measured Yellow Camel
M3_20211130,143519.9079,148091.4922,0.9522,0.9701,0.051,0.0319,Measured Yellow Camel
M3_20211231,136897.8158,152268.869,2.7111,3.4863,0.041,0.1123,Measured Yellow Camel
M3_20220131,146402.6549,141431.83,-0.6943,-0.9099,0.096,-0.034,Measured Yellow Camel
M3_20220228,145237.8308,140101.3546,-0.38,-0.5526,0.116,-0.0354,Measured Yellow Camel
M3_20220331,151888.7331,147189.3059,-0.4235,-0.6248,0.127,-0.0309,Measured Yellow Camel
M3_20220430,143953.3977,132349.7284,-1.1206,-1.5131,0.106,-0.0806,Measured Yellow Camel
M3_20220531,139746.5611,133385.6389,-0.3092,-0.3711,0.155,-0.0455,Measured Yellow Camel
M3_20220630,144945.8922,122811.3457,-1.5768,-1.8579,0.195,-0.1527,Measured Yellow Camel
M3_20220731,132349.7284,132912.0157,0.1062,0.1259,0.144,0.0042,Measured Yellow Camel
M3_20220831,132645.2489,128514.3149,-0.3356,-0.3971,0.12,-0.0311,Measured Yellow Camel
M3_20220930,121825.2139,117686.2269,-0.7324,-0.8978,0.151,-0.034,Measured Yellow Camel
M3_20221031,132912.0157,126091.5726,-0.6971,-0.9568,0.165,-0.0513,Measured Yellow Camel
M3_20221130,127547.3313,128081.5534,-0.0303,-0.0471,0.127,0.0042,Measured Yellow Camel
M3_20221231,115888.5148,124542.6906,1.0203,1.819,0.071,0.0747,Measured Yellow Camel
M3_20230131,125191.1142,130388.7509,0.6233,0.9772,0.071,0.0415,Measured Yellow Camel
M3_20230228,132071.1284,129468.0608,-0.6467,-0.9026,0.071,-0.0197,Measured Yellow Camel
M3_20230331,124542.6906,131885.9734,1.0325,1.494,0.075,0.059,Measured Yellow Camel
M3_20230430,132284.8574,135838.0781,0.0584,0.0786,0.075,0.0269,Measured Yellow Camel
M3_20230531,128994.8389,137211.4587,1.3261,1.8505,0.047,0.0637,Measured Yellow Camel
M3_20230630,133724.6877,143531.5237,1.8325,3.1702,0.026,0.0733,Measured Yellow Camel
M3_20230731,135838.0781,149632.5289,3.0065,5.7414,0.026,0.1016,Measured Yellow Camel
M3_20230831,136458.523,147715.6262,1.9038,2.9224,0.047,0.0825,Measured Yellow Camel
M3_20230930,145208.4082,140572.8324,-1.5407,-1.9289,0.066,-0.0319,Measured Yellow Camel
M3_20231031,149914.7126,136702.7175,-2.631,-3.4649,0.099,-0.0881,Measured Yellow Camel
M3_20231130,147501.5558,149403.4647,-0.167,-0.2173,0.086,0.0129,Measured Yellow Camel
M3_20231231,140572.8324,156768.4577,3.0667,3.8683,0.058,0.1152,Measured Yellow Camel
M3_20240131,137552.2549,161860.2042,5.7796,9.0252,0.02,0.1767,Measured Yellow Camel
M3_20240229,149986.0976,166883.3199,3.1348,3.996,0.02,0.1127,Measured Yellow Camel
M3_20240331,156768.4577,172908.1485,2.9899,4.2925,0.017,0.103,Measured Yellow Camel
M3_20240430,159242.432,168643.1016,0.9148,1.2806,0.053,0.059,Measured Yellow Camel
M3_20240531,167478.1196,172757.3474,0.1342,0.1778,0.053,0.0315,Measured Yellow Camel
M3_20240630,172908.1485,180417.2957,0.9463,1.167,0.053,0.0434,Measured Yellow Camel
M3_20240731,165994.2485,179687.1688,2.4638,2.5122,0.046,0.0825,Measured Yellow Camel
M3_20240831,174317.8104,186817.4167,1.4064,1.4036,0.083,0.0717,Measured Yellow Camel
M3_20240930,180417.2957,189955.7753,0.7889,0.8358,0.083,0.0529,Measured Yellow Camel
M3_20241031,182584.6543,192773.0743,1.403,1.4216,0.06,0.0558,Measured Yellow Camel
M3_20241130,186817.4167,200208.896,1.6461,1.7624,0.041,0.0717,Measured Yellow Camel
M3_20241231,190711.2337,195426.1267,0.4602,0.449,0.035,0.0247,Measured Yellow Camel
M6_20200131,100000.0,101990.0029,2.1425,1.9312,0.025,0.0199,Measured Yellow Camel
M6_20200229,100000.0,92347.7765,-1.9524,-1.511,0.123,-0.0765,Measured Yellow Camel
M6_20200331,100000.0,82198.6106,-0.8544,-0.8535,0.333,-0.178,Measured Yellow Camel
M6_20200430,100000.0,91940.7344,-0.2332,-0.2426,0.333,-0.0806,Measured Yellow Camel
M6_20200531,100000.0,95370.2336,-0.0445,-0.0452,0.333,-0.0463,Measured Yellow Camel
M6_20200630,100000.0,95827.1023,-0.009,-0.009,0.333,-0.0417,Measured Yellow Camel
M6_20200731,100164.0562,101872.9689,0.241,0.242,0.333,0.0171,Measured Yellow Camel
M6_20200831,92347.7765,110126.3519,1.0008,0.9436,0.279,0.1925,Measured Yellow Camel
M6_20200930,80994.736,104893.0184,2.7931,3.2188,0.093,0.2951,Measured Yellow Camel
M6_20201031,91098.0222,103078.2225,1.4718,1.4545,0.093,0.1315,Measured Yellow Camel
M6_20201130,95370.2336,114636.2626,1.8256,1.7787,0.093,0.202,Measured Yellow Camel
M6_20201231,97036.2756,117719.7553,2.242,2.4675,0.093,0.2132,Measured Yellow Camel
M6_20210131,102666.6826,117119.539,1.5097,1.5899,0.093,0.1408,Measured Yellow Camel
M6_20210228,109732.5955,120336.3232,0.9284,0.9943,0.093,0.0966,Measured Yellow Camel
M6_20210331,105677.4585,125232.6479,2.0335,2.4029,0.073,0.185,Measured Yellow Camel
M6_20210430,103078.2225,133177.0566,3.8091,4.8468,0.04,0.292,Measured Yellow Camel
M6_20210531,114135.0925,133170.7839,2.0606,2.4049,0.04,0.1668,Measured Yellow Camel
M6_20210630,118310.5932,136012.064,1.9954,2.2971,0.04,0.1496,Measured Yellow Camel
M6_20210731,117119.539,139413.5641,2.454,3.059,0.04,0.1904,Measured Yellow Camel
M6_20210831,120336.3232,143730.7317,2.5601,3.2992,0.039,0.1944,Measured Yellow Camel
M6_20210930,125734.466,138574.0262,1.4501,1.6698,0.04,0.1021,Measured Yellow Camel
M6_20211031,132311.4203,146402.6549,1.6504,1.9057,0.051,0.1065,Measured Yellow Camel
M6_20211130,133170.7839,148091.4922,1.8381,1.9761,0.051,0.112,Measured Yellow Camel
M6_20211231,136125.3424,152268.869,1.5669,1.9387,0.051,0.1186,Measured Yellow Camel
M6_20220131,139413.5641,141431.83,0.213,0.2573,0.096,0.0145,Measured Yellow Camel
M6_20220228,143519.9079,140101.3546,-0.2108,-0.2624,0.116,-0.0238,Measured Yellow Camel
M6_20220331,136897.8158,147189.3059,0.664,0.8896,0.127,0.0752,Measured Yellow Camel
M6_20220430,146402.6549,132349.7284,-0.7525,-0.9702,0.134,-0.096,Measured Yellow Camel
M6_20220531,145237.8308,133385.6389,-0.4521,-0.5716,0.18,-0.0816,Measured Yellow Camel
M6_20220630,151888.7331,122811.3457,-1.197,-1.4921,0.228,-0.1914,Measured Yellow Camel
M6_20220731,143953.3977,132912.0157,-0.495,-0.6215,0.204,-0.0767,Measured Yellow Camel
M6_20220831,139746.5611,128514.3149,-0.406,-0.4872,0.204,-0.0804,Measured Yellow Camel
M6_20220930,144945.8922,117686.2269,-1.2351,-1.4482,0.197,-0.1881,Measured Yellow Camel
M6_20221031,132349.7284,126091.5726,-0.3058,-0.3878,0.165,-0.0473,Measured Yellow Camel
M6_20221130,132645.2489,128081.5534,-0.209,-0.2851,0.165,-0.0344,Measured Yellow Camel
M6_20221231,121825.2139,124542.6906,0.0209,0.0312,0.165,0.0223,Measured Yellow Camel
M6_20230131,132912.0157,130388.7509,-0.2144,-0.3082,0.165,-0.019,Measured Yellow Camel
M6_20230228,127547.3313,129468.0608,-0.0265,-0.0396,0.127,0.0151,Measured Yellow Camel
M6_20230331,115888.5148,131885.9734,0.9963,1.6259,0.075,0.138,Measured Yellow Camel
M6_20230430,125191.1142,135838.0781,0.6283,0.9333,0.075,0.085,Measured Yellow Camel
M6_20230531,132071.1284,137211.4587,0.133,0.1851,0.075,0.0389,Measured Yellow Camel
M6_20230630,124542.6906,143531.5237,1.5191,2.2026,0.075,0.1525,Measured Yellow Camel
M6_20230731,132284.8574,149632.5289,1.1813,1.6292,0.075,0.1311,Measured Yellow Camel
M6_20230831,128994.8389,147715.6262,1.5902,2.2826,0.047,0.1451,Measured Yellow Camel
M6_20230930,133724.6877,140572.8324,0.2539,0.3683,0.066,0.0512,Measured Yellow Camel
M6_20231031,135838.0781,136702.7175,-0.3993,-0.5671,0.099,0.0064,Measured Yellow Camel
M6_20231130,136458.523,149403.4647,0.7317,0.9962,0.099,0.0949,Measured Yellow Camel
M6_20231231,145208.4082,156768.4577,0.654,0.8341,0.099,0.0796,Measured Yellow Camel
M6_20240131,149914.7126,161860.2042,0.6892,0.893,0.099,0.0797,Measured Yellow Camel
M6_20240229,147501.5558,166883.3199,1.391,1.7657,0.086,0.1314,Measured Yellow Camel
M6_20240331,140572.8324,172908.1485,3.0032,3.99,0.058,0.23,Measured Yellow Camel
M6_20240430,137552.2549,168643.1016,2.8452,3.9017,0.053,0.226,Measured Yellow Camel
M6_20240531,149986.0976,172757.3474,1.741,2.286,0.053,0.1518,Measured Yellow Camel
M6_20240630,156768.4577,180417.2957,1.8918,2.5003,0.053,0.1509,Measured Yellow Camel
M6_20240731,159242.432,179687.1688,1.2412,1.4936,0.053,0.1284,Measured Yellow Camel
M6_20240831,167478.1196,186817.4167,0.9455,1.0584,0.083,0.1155,Measured Yellow Camel
M6_20240930,172908.1485,189955.7753,0.8551,0.9216,0.083,0.0986,Measured Yellow Camel
M6_20241031,165994.2485,192773.0743,1.7905,1.8252,0.083,0.1613,Measured Yellow Camel
M6_20241130,174317.8104,200208.896,1.4997,1.5384,0.083,0.1485,Measured Yellow Camel
M6_20241231,180417.2957,195426.1267,0.5602,0.5757,0.083,0.0832,Measured Yellow Camel
M12_20200131,100000.0,101990.0029,2.1425,1.9312,0.025,0.0199,Measured Yellow Camel
M12_20200229,100000.0,92347.7765,-1.9524,-1.511,0.123,-0.0765,Measured Yellow Camel
M12_20200331,100000.0,82198.6106,-0.8544,-0.8535,0.333,-0.178,Measured Yellow Camel
M12_20200430,100000.0,91940.7344,-0.2332,-0.2426,0.333,-0.0806,Measured Yellow Camel
M12_20200531,100000.0,95370.2336,-0.0445,-0.0452,0.333,-0.0463,Measured Yellow Camel
M12_20200630,100000.0,95827.1023,-0.009,-0.009,0.333,-0.0417,Measured Yellow Camel
M12_20200731,100000.0,101872.9689,0.2185,0.2118,0.333,0.0187,Measured Yellow Camel
M12_20200831,100000.0,110126.3519,0.4874,0.449,0.333,0.1013,Measured Yellow Camel
M12_20200930,100000.0,104893.0184,0.2876,0.2716,0.333,0.0489,Measured Yellow Camel
M12_20201031,100000.0,103078.2225,0.2181,0.2085,0.333,0.0308,Measured Yellow Camel
M12_20201130,100000.0,114636.2626,0.5206,0.4918,0.333,0.1464,Measured Yellow Camel
M12_20201231,100000.0,117719.7553,0.5708,0.5335,0.333,0.1772,Measured Yellow Camel
M12_20210131,100164.0562,117119.539,0.556,0.5235,0.333,0.1693,Measured Yellow Camel
M12_20210228,92347.7765,120336.3232,0.8998,0.841,0.279,0.3031,Measured Yellow Camel
M12_20210331,80994.736,125232.6479,2.4686,2.8214,0.093,0.5462,Measured Yellow Camel
M12_20210430,91098.0222,133177.0566,2.3508,2.3958,0.093,0.4619,Measured Yellow Camel
M12_20210531,95370.2336,133170.7839,1.9123,1.9306,0.093,0.3964,Measured Yellow Camel
M12_20210630,97036.2756,136012.064,2.1464,2.3893,0.093,0.4017,Measured Yellow Camel
M12_20210731,102666.6826,139413.5641,1.988,2.1818,0.093,0.3579,Measured Yellow Camel
M12_20210831,109732.5955,143730.7317,1.6781,1.8467,0.093,0.3098,Measured Yellow Camel
M12_20210930,105677.4585,138574.0262,1.848,2.144,0.073,0.3113,Measured Yellow Camel
M12_20211031,103078.2225,146402.6549,2.6751,3.2995,0.051,0.4203,Measured Yellow Camel
M12_20211130,114135.0925,148091.4922,1.9337,2.1768,0.051,0.2975,Measured Yellow Camel
M12_20211231,118310.5932,152268.869,1.8262,2.1714,0.051,0.287,Measured Yellow Camel
M12_20220131,117119.539,141431.83,1.213,1.4695,0.096,0.2076,Measured Yellow Camel
M12_20220228,120336.3232,140101.3546,0.8533,1.0288,0.116,0.1642,Measured Yellow Camel
M12_20220331,125734.466,147189.3059,0.9241,1.1312,0.127,0.1706,Measured Yellow Camel
M12_20220430,132311.4203,132349.7284,0.0481,0.0555,0.134,0.0003,Measured Yellow Camel
M12_20220531,133170.7839,133385.6389,0.0642,0.0714,0.18,0.0016,Measured Yellow Camel
M12_20220630,136125.3424,122811.3457,-0.3927,-0.4417,0.228,-0.0978,Measured Yellow Camel
M12_20220731,139413.5641,132912.0157,-0.1453,-0.1693,0.228,-0.0466,Measured Yellow Camel
M12_20220831,143519.9079,128514.3149,-0.3901,-0.4619,0.228,-0.1046,Measured Yellow Camel
M12_20220930,136897.8158,117686.2269,-0.5678,-0.6749,0.23,-0.1403,Measured Yellow Camel
M12_20221031,146402.6549,126091.5726,-0.5014,-0.6358,0.243,-0.1387,Measured Yellow Camel
M12_20221130,145237.8308,128081.5534,-0.3737,-0.4942,0.243,-0.1181,Measured Yellow Camel
M12_20221231,151888.7331,124542.6906,-0.6518,-0.8703,0.243,-0.18,Measured Yellow Camel
M12_20230131,143953.3977,130388.7509,-0.376,-0.4956,0.219,-0.0942,Measured Yellow Camel
M12_20230228,139746.5611,129468.0608,-0.2506,-0.3273,0.219,-0.0736,Measured Yellow Camel
M12_20230331,144945.8922,131885.9734,-0.4043,-0.5215,0.211,-0.0901,Measured Yellow Camel
M12_20230430,132349.7284,135838.0781,0.0139,0.0181,0.165,0.0264,Measured Yellow Camel
M12_20230531,132645.2489,137211.4587,0.0468,0.0626,0.165,0.0344,Measured Yellow Camel
M12_20230630,121825.2139,143531.5237,0.5447,0.7679,0.165,0.1782,Measured Yellow Camel
M12_20230731,132912.0157,149632.5289,0.3771,0.5085,0.165,0.1258,Measured Yellow Camel
M12_20230831,127547.3313,147715.6262,0.4806,0.6693,0.127,0.1581,Measured Yellow Camel
M12_20230930,115888.5148,140572.8324,0.7637,1.1497,0.075,0.213,Measured Yellow Camel
M12_20231031,125191.1142,136702.7175,0.1972,0.2834,0.099,0.092,Measured Yellow Camel
M12_20231130,132071.1284,149403.4647,0.4045,0.5508,0.099,0.1312,Measured Yellow Camel
M12_20231231,124542.6906,156768.4577,1.1905,1.6345,0.099,0.2588,Measured Yellow Camel
M12_20240131,132284.8574,161860.2042,0.93,1.2478,0.099,0.2236,Measured Yellow Camel
M12_20240229,128994.8389,166883.3199,1.49,2.0131,0.099,0.2937,Measured Yellow Camel
M12_20240331,133724.6877,172908.1485,1.5534,2.152,0.099,0.293,Measured Yellow Camel
M12_20240430,135838.0781,168643.1016,1.1919,1.6538,0.099,0.2415,Measured Yellow Camel
M12_20240531,136458.523,172757.3474,1.287,1.7187,0.099,0.266,Measured Yellow Camel
M12_20240630,145208.4082,180417.2957,1.2262,1.5777,0.099,0.2425,Measured Yellow Camel
M12_20240731,149914.7126,179687.1688,0.9047,1.1295,0.099,0.1986,Measured Yellow Camel
M12_20240831,147501.5558,186817.4167,1.2508,1.4804,0.086,0.2665,Measured Yellow Camel
M12_20240930,140572.8324,189955.7753,1.7828,2.0554,0.083,0.3513,Measured Yellow Camel
M12_20241031,137552.2549,192773.0743,2.0706,2.357,0.083,0.4015,Measured Yellow Camel
M12_20241130,149986.0976,200208.896,1.6666,1.8747,0.083,0.3348,Measured Yellow Camel
M12_20241231,156768.4577,195426.1267,1.1146,1.2166,0.083,0.2466,Measured Yellow Camel
M1_20170131,100000.0,97052.5,-3.4296,-1.3056,0.029,-0.0295,Retrospective Violet Hyena
M1_20170228,97052.5,97052.5,0.0,0.0,0.0,0.0,Retrospective Violet Hyena
M1_20170331,97052.5,97052.5,0.0,0.0,0.0,0.0,Retrospective Violet Hyena
M1_20170430,97052.5,97052.5,0.0,0.0,0.0,0.0,Retrospective Violet Hyena
M1_20170531,97052.5,97052.5,0.0,0.0,0.0,0.0,Retrospective Violet Hyena
M1_20170630,97052.5,97052.5,0.0,0.0,0.0,0.0,Retrospective Violet Hyena
M1_20170731,97052.5,97052.5,0.0,0.0,0.0,0.0,Retrospective Violet Hyena
M1_20170831,97052.5,97052.5,0.0,0.0,0.0,0.0,Retrospective Violet Hyena
M1_20170930,97052.5,97052.5,0.0,0.0,0.0,0.0,Retrospective Violet Hyena
M1_20171031,97052.5,97052.5,0.0,0.0,0.0,0.0,Retrospective Violet Hyena
M1_20171130,97052.5,97052.5,0.0,0.0,0.0,0.0,Retrospective Violet Hyena
M1_20171231,97052.5,97052.5,0.0,0.0,0.0,0.0,Retrospective Violet Hyena
M1_20180131,97052.5,97052.5,0.0,0.0,0.0,0.0,Retrospective Violet Hyena
M1_20180228,97052.5,97052.5,0.0,0.0,0.0,0.0,Retrospective Violet Hyena
M1_20180331,97052.5,97052.5,0.0,0.0,0.0,0.0,Retrospective Violet Hyena
M1_20180430,97052.5,97052.5,0.0,0.0,0.0,0.0,Retrospective Violet Hyena
M1_20180531,97052.5,97052.5,0.0,0.0,0.0,0.0,Retrospective Violet Hyena
M1_20180630,97052.5,97052.5,0.0,0.0,0.0,0.0,Retrospective Violet Hyena
M1_20180731,97052.5,97052.5,0.0,0.0,0.0,0.0,Retrospective Violet Hyena
M1_20180831,97052.5,97052.5,0.0,0.0,0.0,0.0,Retrospective Violet Hyena
M1_20180930,97052.5,97052.5,0.0,0.0,0.0,0.0,Retrospective Violet Hyena
M1_20181031,97052.5,97052.5,0.0,0.0,0.0,0.0,Retrospective Violet Hyena
M1_20181130,97052.5,97052.5,0.0,0.0,0.0,0.0,Retrospective Violet Hyena
M1_20181231,97052.5,97052.5,0.0,0.0,0.0,0.0,Retrospective Violet Hyena
M1_20190131,97052.5,102289.15,1.4462,1.3022,0.194,0.054,Retrospective Violet Hyena
M1_20190228,106463.65,126263.65,11.3381,14.1193,0.07,0.186,Retrospective Violet Hyena
M1_20190331,121247.65,135173.65,1.3021,1.6378,0.118,0.1149,Retrospective Violet Hyena
M1_20190430,135173.65,165286.15,11.0316,30.8983,0.022,0.2228,Retrospective Violet Hyena
M1_20190531,165220.15,119927.65,-1.5381,-1.7821,0.284,-0.2741,Retrospective Violet Hyena
M1_20190630,110308.15,160138.15,53.8826,123.936,0.077,0.4517,Retrospective Violet Hyena
M1_20190731,160138.15,180515.65,3.667,7.1815,0.063,0.1272,Retrospective Violet Hyena
M1_20190831,171176.65,154330.15,0.0111,0.0123,0.231,-0.0984,Retrospective Violet Hyena
M1_20190930,154330.15,162811.15,1.7733,2.6133,0.089,0.055,Retrospective Violet Hyena
M1_20191031,167167.15,185944.15,7.1258,7.3783,0.159,0.1123,Retrospective Violet Hyena
M1_20191130,183254.65,220511.65,12.7704,29.6542,0.029,0.2033,Retrospective Violet Hyena
M1_20191231,220511.65,239701.15,3.5873,3.5411,0.088,0.087,Retrospective Violet Hyena
M1_20200101,242143.15,242143.15,0.0,0.0,0.0,0.0,Retrospective Violet Hyena
M3_20170131,100000.0,97052.5,-3.4296,-1.3056,0.029,-0.0295,Retrospective Violet Hyena
M3_20170228,100000.0,97052.5,-2.7022,-0.7373,0.029,-0.0295,Retrospective Violet Hyena
M3_20170331,100000.0,97052.5,-2.3365,-0.514,0.029,-0.0295,Retrospective Violet Hyena
M3_20170430,97052.5,97052.5,0.0,0.0,0.0,0.0,Retrospective Violet Hyena
M3_20170531,97052.5,97052.5,0.0,0.0,0.0,0.0,Retrospective Violet Hyena
M3_20170630,97052.5,97052.5,0.0,0.0,0.0,0.0,Retrospective Violet Hyena
M3_20170731,97052.5,97052.5,0.0,0.0,0.0,0.0,Retrospective Violet Hyena
M3_20170831,97052.5,97052.5,0.0,0.0,0.0,0.0,Retrospective Violet Hyena
M3_20170930,97052.5,97052.5,0.0,0.0,0.0,0.0,Retrospective Violet Hyena
M3_20171031,97052.5,97052.5,0.0,0.0,0.0,0.0,Retrospective Violet Hyena
M3_20171130,97052.5,97052.5,0.0,0.0,0.0,0.0,Retrospective Violet Hyena
M3_20171231,97052.5,97052.5,0.0,0.0,0.0,0.0,Retrospective Violet Hyena
M3_20180131,97052.5,97052.5,0.0,0.0,0.0,0.0,Retrospective Violet Hyena
M3_20180228,97052.5,97052.5,0.0,0.0,0.0,0.0,Retrospective Violet Hyena
M3_20180331,97052.5,97052.5,0.0,0.0,0.0,0.0,Retrospective Violet Hyena
M3_20180430,97052.5,97052.5,0.0,0.0,0.0,0.0,Retrospective Violet Hyena
M3_20180531,97052.5,97052.5,0.0,0.0,0.0,0.0,Retrospective Violet Hyena
M3_20180630,97052.5,97052.5,0.0,0.0,0.0,0.0,Retrospective Violet Hyena
M3_20180731,97052.5,97052.5,0.0,0.0,0.0,0.0,Retrospective Violet Hyena
M3_20180831,97052.5,97052.5,0.0,0.0,0.0,0.0,Retrospective Violet Hyena
M3_20180930,97052.5,97052.5,0.0,0.0,0.0,0.0,Retrospective Violet Hyena
M3_20181031,97052.5,97052.5,0.0,0.0,0.0,0.0,Retrospective Violet Hyena
M3_20181130,97052.5,97052.5,0.0,0.0,0.0,0.0,Retrospective Violet Hyena
M3_20181231,97052.5,97052.5,0.0,0.0,0.0,0.0,Retrospective Violet Hyena
M3_20190131,97052.5,102289.15,0.5738,0.2902,0.194,0.054,Retrospective Violet Hyena
M3_20190228,97052.5,126263.65,2.7117,1.9213,0.194,0.301,Retrospective Violet Hyena
M3_20190331,97052.5,135173.65,3.4143,3.4494,0.194,0.3928,Retrospective Violet Hyena
M3_20190430,106463.65,165286.15,6.7281,8.4579,0.118,0.5525,Retrospective Violet Hyena
M3_20190531,121247.65,119927.65,-0.2179,-0.2377,0.284,-0.0109,Retrospective Violet Hyena
M3_20190630,135173.65,160138.15,0.9625,1.1438,0.36,0.1847,Retrospective Violet Hyena
M3_20190731,165220.15,180515.65,1.0966,1.3879,0.36,0.0926,Retrospective Violet Hyena
M3_20190831,110308.15,154330.15,3.1904,3.4302,0.285,0.3991,Retrospective Violet Hyena
M3_20190930,160138.15,162811.15,0.2207,0.2263,0.285,0.0167,Retrospective Violet Hyena
M3_20191031,171176.65,185944.15,1.168,1.2094,0.231,0.0863,Retrospective Violet Hyena
M3_20191130,154330.15,220511.65,4.4826,4.8802,0.214,0.4288,Retrospective Violet Hyena
M3_20191231,167167.15,239701.15,6.2825,6.0086,0.159,0.4339,Retrospective Violet Hyena
M3_20200101,183254.65,242143.15,6.6134,6.5848,0.088,0.3213,Retrospective Violet Hyena
M6_20170131,100000.0,97052.5,-3.4296,-1.3056,0.029,-0.0295,Retrospective Violet Hyena
M6_20170228,100000.0,97052.5,-2.7022,-0.7373,0.029,-0.0295,Retrospective Violet Hyena
M6_20170331,100000.0,97052.5,-2.3365,-0.514,0.029,-0.0295,Retrospective Violet Hyena
M6_20170430,100000.0,97052.5,-2.1434,-0.4075,0.029,-0.0295,Retrospective Violet Hyena
M6_20170531,100000.0,97052.5,-2.0172,-0.3415,0.029,-0.0295,Retrospective Violet Hyena
M6_20170630,100000.0,97052.5,-1.9427,-0.3001,0.029,-0.0295,Retrospective Violet Hyena
M6_20170731,97052.5,97052.5,0.0,0.0,0.0,0.0,Retrospective Violet Hyena
M6_20170831,97052.5,97052.5,0.0,0.0,0.0,0.0,Retrospective Violet Hyena
M6_20170930,97052.5,97052.5,0.0,0.0,0.0,0.0,Retrospective Violet Hyena
M6_20171031,97052.5,97052.5,0.0,0.0,0.0,0.0,Retrospective Violet Hyena
M6_20171130,97052.5,97052.5,0.0,0.0,0.0,0.0,Retrospective Violet Hyena
M6_20171231,97052.5,97052.5,0.0,0.0,0.0,0.0,Retrospective Violet Hyena
M6_20180131,97052.5,97052.5,0.0,0.0,0.0,0.0,Retrospective Violet Hyena
M6_20180228,97052.5,97052.5,0.0,0.0,0.0,0.0,Retrospective Violet Hyena
M6_20180331,97052.5,97052.5,0.0,0.0,0.0,0.0,Retrospective Violet Hyena
M6_20180430,97052.5,97052.5,0.0,0.0,0.0,0.0,Retrospective Violet Hyena
M6_20180531,97052.5,97052.5,0.0,0.0,0.0,0.0,Retrospective Violet Hyena
M6_20180630,97052.5,97052.5,0.0,0.0,0.0,0.0,Retrospective Violet Hyena
M6_20180731,97052.5,97052.5,0.0,0.0,0.0,0.0,Retrospective Violet Hyena
M6_20180831,97052.5,97052.5,0.0,0.0,0.0,0.0,Retrospective Violet Hyena
M6_20180930,97052.5,97052.5,0.0,0.0,0.0,0.0,Retrospective Violet Hyena
M6_20181031,97052.5,97052.5,0.0,0.0,0.0,0.0,Retrospective Violet Hyena
M6_20181130,97052.5,97052.5,0.0,0.0,0.0,0.0,Retrospective Violet Hyena
M6_20181231,97052.5,97052.5,0.0,0.0,0.0,0.0,Retrospective Violet Hyena
M6_20190131,97052.5,102289.15,0.3348,0.1188,0.194,0.054,Retrospective Violet Hyena
M6_20190228,97052.5,126263.65,1.4339,0.7124,0.194,0.301,Retrospective Violet Hyena
M6_20190331,97052.5,135173.65,1.6722,1.182,0.194,0.3928,Retrospective Violet Hyena
M6_20190430,97052.5,165286.15,2.9431,2.3577,0.194,0.7031,Retrospective Violet Hyena
M6_20190531,97052.5,119927.65,0.991,0.9278,0.284,0.2357,Retrospective Violet Hyena
M6_20190630,97052.5,160138.15,2.3593,2.5889,0.36,0.65,Retrospective Violet Hyena
M6_20190731,106463.65,180515.65,2.733,3.3959,0.36,0.6956,Retrospective Violet Hyena
M6_20190831,121247.65,154330.15,0.849,0.9288,0.36,0.2729,Retrospective Violet Hyena
M6_20190930,135173.65,162811.15,0.6484,0.6979,0.36,0.2045,Retrospective Violet Hyena
M6_20191031,165220.15,185944.15,0.7639,0.8515,0.36,0.1254,Retrospective Violet Hyena
M6_20191130,110308.15,220511.65,3.5536,3.7341,0.285,0.9991,Retrospective Violet Hyena
M6_20191231,160138.15,239701.15,1.6545,1.6046,0.285,0.4968,Retrospective Violet Hyena
M6_20200101,171176.65,242143.15,2.1603,2.0263,0.231,0.4146,Retrospective Violet Hyena
M12_20170131,100000.0,97052.5,-3.4296,-1.3056,0.029,-0.0295,Retrospective Violet Hyena
M12_20170228,100000.0,97052.5,-2.7022,-0.7373,0.029,-0.0295,Retrospective Violet Hyena
M12_20170331,100000.0,97052.5,-2.3365,-0.514,0.029,-0.0295,Retrospective Violet Hyena
M12_20170430,100000.0,97052.5,-2.1434,-0.4075,0.029,-0.0295,Retrospective Violet Hyena
M12_20170531,100000.0,97052.5,-2.0172,-0.3415,0.029,-0.0295,Retrospective Violet Hyena
M12_20170630,100000.0,97052.5,-1.9427,-0.3001,0.029,-0.0295,Retrospective Violet Hyena
M12_20170731,100000.0,97052.5,-1.8954,-0.2704,0.029,-0.0295,Retrospective Violet Hyena
M12_20170831,100000.0,97052.5,-1.8642,-0.2483,0.029,-0.0295,Retrospective Violet Hyena
M12_20170930,100000.0,97052.5,-1.8436,-0.2316,0.029,-0.0295,Retrospective Violet Hyena
M12_20171031,100000.0,97052.5,-1.8301,-0.2178,0.029,-0.0295,Retrospective Violet Hyena
M12_20171130,100000.0,97052.5,-1.8224,-0.2069,0.029,-0.0295,Retrospective Violet Hyena
M12_20171231,100000.0,97052.5,-1.8244,-0.1981,0.029,-0.0295,Retrospective Violet Hyena
M12_20180131,97052.5,97052.5,0.0,0.0,0.0,0.0,Retrospective Violet Hyena
M12_20180228,97052.5,97052.5,0.0,0.0,0.0,0.0,Retrospective Violet Hyena
M12_20180331,97052.5,97052.5,0.0,0.0,0.0,0.0,Retrospective Violet Hyena
M12_20180430,97052.5,97052.5,0.0,0.0,0.0,0.0,Retrospective Violet Hyena
M12_20180531,97052.5,97052.5,0.0,0.0,0.0,0.0,Retrospective Violet Hyena
M12_20180630,97052.5,97052.5,0.0,0.0,0.0,0.0,Retrospective Violet Hyena
M12_20180731,97052.5,97052.5,0.0,0.0,0.0,0.0,Retrospective Violet Hyena
M12_20180831,97052.5,97052.5,0.0,0.0,0.0,0.0,Retrospective Violet Hyena
M12_20180930,97052.5,97052.5,0.0,0.0,0.0,0.0,Retrospective Violet Hyena
M12_20181031,97052.5,97052.5,0.0,0.0,0.0,0.0,Retrospective Violet Hyena
M12_20181130,97052.5,97052.5,0.0,0.0,0.0,0.0,Retrospective Violet Hyena
M12_20181231,97052.5,97052.5,0.0,0.0,0.0,0.0,Retrospective Violet Hyena
M12_20190131,97052.5,102289.15,0.1785,0.0448,0.194,0.054,Retrospective Violet Hyena
M12_20190228,97052.5,126263.65,0.8438,0.2944,0.194,0.301,Retrospective Violet Hyena
M12_20190331,97052.5,135173.65,0.9669,0.4814,0.194,0.3928,Retrospective Violet Hyena
M12_20190430,97052.5,165286.15,1.5769,0.8891,0.194,0.7031,Retrospective Violet Hyena
M12_20190531,97052.5,119927.65,0.583,0.384,0.284,0.2357,Retrospective Violet Hyena
M12_20190630,97052.5,160138.15,1.2561,0.9687,0.36,0.65,Retrospective Violet Hyena
M12_20190731,97052.5,180515.65,1.5628,1.3059,0.36,0.86,Retrospective Violet Hyena
M12_20190831,97052.5,154330.15,1.0711,0.9213,0.36,0.5902,Retrospective Violet Hyena
M12_20190930,97052.5,162811.15,1.1796,1.0833,0.36,0.6776,Retrospective Violet Hyena
M12_20191031,97052.5,185944.15,1.4577,1.4204,0.36,0.9159,Retrospective Violet Hyena
M12_20191130,97052.5,220511.65,1.8708,1.8714,0.36,1.2721,Retrospective Violet Hyena
M12_20191231,97052.5,239701.15,2.0831,2.1527,0.36,1.4698,Retrospective Violet Hyena
M12_20200101,106463.65,242143.15,2.1049,2.2412,0.36,1.2744,Retrospective Violet Hyena
